run	library	sample	include
DS	DS026_HR	DS026_HR	Y
DS	DS026_HR	DS026_HR	Y
DS	DS027_HR	DS027_HR	Y
DS	DS027_HR	DS027_HR	Y
DS	DS027_SG	DS027_SG	Y
DS	DS027_SG	DS027_SG	Y
DS	DS028_HR	DS028_HR	Y
DS	DS028_HR	DS028_HR	Y
DS	DS029_HR	DS029_HR	Y
DS	DS029_HR	DS029_HR	Y
DS	DS030_HR	DS030_HR	Y
DS	DS030_HR	DS030_HR	Y
DS	DS031_HR	DS031_HR	Y
DS	DS031_HR	DS031_HR	Y
DS	DS032_HR	DS032_HR	Y
DS	DS032_HR	DS032_HR	Y
DS	DS033_HR	DS033_HR	Y
DS	DS033_HR	DS033_HR	Y
DS	DS034_HR	DS034_HR	Y
DS	DS034_HR	DS034_HR	Y
DS	DS035_HR	DS035_HR	Y
DS	DS035_HR	DS035_HR	Y
DS	DS036_HR	DS036_HR	Y
DS	DS036_HR	DS036_HR	Y
DS	DS037_HR	DS037_HR	Y
DS	DS037_HR	DS037_HR	Y
DS	DS038_HR	DS038_HR	Y
DS	DS038_HR	DS038_HR	Y
DS	DS064_HR	DS064_HR	Y
DS	DS064_HR	DS064_HR	Y
DS	DS065_HR	DS065_HR	Y
DS	DS065_HR	DS065_HR	Y
DS	DS066_HR	DS066_HR	Y
DS	DS066_HR	DS066_HR	Y
DS	DS067_HR	DS067_HR	Y
DS	DS067_HR	DS067_HR	Y
DS	DS068_HR	DS068_HR	Y
DS	DS068_HR	DS068_HR	Y
DS	DS068_SG	DS068_SG	Y
DS	DS068_SG	DS068_SG	Y
DS	DS069_HR	DS069_HR	Y
DS	DS069_HR	DS069_HR	Y
DS	DS070_HR	DS070_HR	Y
DS	DS070_HR	DS070_HR	Y
DS	DS071_HR	DS071_HR	Y
DS	DS071_HR	DS071_HR	Y
DS	DS073_HR	DS073_HR	Y
DS	DS073_HR	DS073_HR	Y
DS	DS074_HR	DS074_HR	Y
DS	DS074_HR	DS074_HR	Y
DS	DS075_HR	DS075_HR	Y
DS	DS075_HR	DS075_HR	Y
DS	DS076_HR	DS076_HR	Y
DS	DS076_HR	DS076_HR	Y
DS	DS077_HR	DS077_HR	Y
DS	DS077_HR	DS077_HR	Y
DS	DS078_HR	DS078_HR	Y
DS	DS078_HR	DS078_HR	Y
DS	DS079_HR	DS079_HR	Y
DS	DS079_HR	DS079_HR	Y
DS	DS080_HR	DS080_HR	Y
DS	DS080_HR	DS080_HR	Y
DS	DS081_HR	DS081_HR	Y
DS	DS081_HR	DS081_HR	Y
DS	DS082_HR	DS082_HR	Y
DS	DS082_HR	DS082_HR	Y
DS	DS083_HR	DS083_HR	Y
DS	DS083_HR	DS083_HR	Y
DS	DS084_HR	DS084_HR	Y
DS	DS084_HR	DS084_HR	Y
DS	DS085_HR	DS085_HR	Y
DS	DS085_HR	DS085_HR	Y
DS	DS086_HR	DS086_HR	Y
DS	DS086_HR	DS086_HR	Y
DS	DS087_HR	DS087_HR	Y
DS	DS087_HR	DS087_HR	Y
DS	DS088_HR	DS088_HR	Y
DS	DS088_HR	DS088_HR	Y
DS	DS089_HR	DS089_HR	Y
DS	DS089_HR	DS089_HR	Y
DS	DS090_HR	DS090_HR	Y
DS	DS090_HR	DS090_HR	Y
DS	DS091_HR	DS091_HR	Y
DS	DS091_HR	DS091_HR	Y
DS	DS092_HR	DS092_HR	Y
DS	DS092_HR	DS092_HR	Y
DS	DS093_HR	DS093_HR	Y
DS	DS093_HR	DS093_HR	Y
DS	DS094_HR	DS094_HR	Y
DS	DS094_HR	DS094_HR	Y
DS	DS095_HR	DS095_HR	Y
DS	DS095_HR	DS095_HR	Y
DS	DS096_HR	DS096_HR	Y
DS	DS096_HR	DS096_HR	Y
DS	DS097_HR	DS097_HR	Y
DS	DS097_HR	DS097_HR	Y
DS	DSEXC041219_HR	DSEXC041219_HR	Y
DS	DSEXC041219_HR	DSEXC041219_HR	Y
DS	DSNTC021019_HR	DSNTC021019_HR	Y
DS	DSNTC021019_HR	DSNTC021019_HR	Y
DS	DSNTC091019_HR	DSNTC091019_HR	Y
DS	DSNTC091019_HR	DSNTC091019_HR	Y
DS	DSNTC101219_HR	DSNTC101219_HR	Y
DS	DSNTC101219_HR	DSNTC101219_HR	Y
DS	DSNTC111219_HR	DSNTC111219_HR	Y
DS	DSNTC111219_HR	DSNTC111219_HR	Y
DS	DSNTC190819_HR	DSNTC190819_HR	Y
DS	DSNTC190819_HR	DSNTC190819_HR	Y
DS	DSNTC290621_HR	DSNTC290621_HR	Y
DS	DSNTC290621_HR	DSNTC290621_HR	Y
DSSS	DS039_SS029_31_HR	DS039_SS029_31_HR	Y
DSSS	DS039_SS029_31_HR	DS039_SS029_31_HR	Y
DSSS	DS040_SS030_32_HR	DS040_SS030_32_HR	Y
DSSS	DS040_SS030_32_HR	DS040_SS030_32_HR	Y
DSSS	DS041_SS033_HR	DS041_SS033_HR	Y
DSSS	DS041_SS033_HR	DS041_SS033_HR	Y
DSSS	DS042_SS034_HR	DS042_SS034_HR	Y
DSSS	DS042_SS034_HR	DS042_SS034_HR	Y
DSSS	DS043_SS035_HR	DS043_SS035_HR	Y
DSSS	DS043_SS035_HR	DS043_SS035_HR	Y
DSSS	DS044_SS036_HR	DS044_SS036_HR	Y
DSSS	DS044_SS036_HR	DS044_SS036_HR	Y
DSSS	DS045_SS037_HR	DS045_SS037_HR	Y
DSSS	DS045_SS037_HR	DS045_SS037_HR	Y
DSSS	DS046_SS038_HR	DS046_SS038_HR	Y
DSSS	DS046_SS038_HR	DS046_SS038_HR	Y
DSSS	DS047_SS039_HR	DS047_SS039_HR	Y
DSSS	DS047_SS039_HR	DS047_SS039_HR	Y
DSSS	DS048_SS040_HR	DS048_SS040_HR	Y
DSSS	DS048_SS040_HR	DS048_SS040_HR	Y
DSSS	DS049_SS041_HR	DS049_SS041_HR	Y
DSSS	DS049_SS041_HR	DS049_SS041_HR	Y
DSSS	DS050_SS042_HR	DS050_SS042_HR	Y
DSSS	DS050_SS042_HR	DS050_SS042_HR	Y
DSSS	DS051_SS043_HR	DS051_SS043_HR	Y
DSSS	DS051_SS043_HR	DS051_SS043_HR	Y
DSSS	DS052_SS044_HR	DS052_SS044_HR	Y
DSSS	DS052_SS044_HR	DS052_SS044_HR	Y
DSSS	DS053_SS045_HR	DS053_SS045_HR	Y
DSSS	DS053_SS045_HR	DS053_SS045_HR	Y
DSSS	DS054_SS046_HR	DS054_SS046_HR	Y
DSSS	DS054_SS046_HR	DS054_SS046_HR	Y
DSSS	DS055_SS047_HR	DS055_SS047_HR	Y
DSSS	DS055_SS047_HR	DS055_SS047_HR	Y
DSSS	DS056_SS048_HR	DS056_SS048_HR	Y
DSSS	DS056_SS048_HR	DS056_SS048_HR	Y
DSSS	DS057_SS049_HR	DS057_SS049_HR	Y
DSSS	DS057_SS049_HR	DS057_SS049_HR	Y
DSSS	DS058_SS050_HR	DS058_SS050_HR	Y
DSSS	DS058_SS050_HR	DS058_SS050_HR	Y
DSSS	DS059_SS051_HR	DS059_SS051_HR	Y
DSSS	DS059_SS051_HR	DS059_SS051_HR	Y
DSSS	DS060_SS052_HR	DS060_SS052_HR	Y
DSSS	DS060_SS052_HR	DS060_SS052_HR	Y
DSSS	DS061_SS053_HR	DS061_SS053_HR	Y
DSSS	DS061_SS053_HR	DS061_SS053_HR	Y
DSSS	DS062_SS054_HR	DS062_SS054_HR	Y
DSSS	DS062_SS054_HR	DS062_SS054_HR	Y
DSSS	DS063_SS055_HR	DS063_SS055_HR	Y
DSSS	DS063_SS055_HR	DS063_SS055_HR	Y
DSSS	DS_SS_EX090919_HR	DS_SS_EX090919_HR	Y
DSSS	DS_SS_EX090919_HR	DS_SS_EX090919_HR	Y
DSSS	DS_SS_EX170919_HR	DS_SS_EX170919_HR	Y
DSSS	DS_SS_EX170919_HR	DS_SS_EX170919_HR	Y
RAD	RAD_MD022	RAD_MD022	Y
RAD	RAD_MD022	RAD_MD022	Y
RAD	RAD_MD028	RAD_MD028	Y
RAD	RAD_MD028	RAD_MD028	Y
RAD	RAD_MD033	RAD_MD033	Y
RAD	RAD_MD033	RAD_MD033	Y
RAD	RAD_MD034	RAD_MD034	Y
RAD	RAD_MD034	RAD_MD034	Y
